指标名,指标类型,信息类型,含义
node_cpu_frequency_max_hertz,gauge,CPU,CPU线程最高频率（赫兹）
node_cpu_frequency_min_hertz,gauge,CPU,CPU线程最低频率（赫兹）
node_cpu_seconds_total,counter,CPU,CPU在各模式下运行所花费的秒数
node_context_switches_total,counter,CPU(上下文切换),上下文切换总次数
node_intr_total,counter,中断,已服务的中断总次数
node_memory_MemFree_bytes,gauge,内存,内存信息字段 MemFree_bytes
node_memory_MemTotal_bytes,gauge,内存,内存信息字段 MemTotal_bytes
node_memory_SwapFree_bytes,gauge,内存,内存信息字段 SwapFree_bytes
node_memory_SwapTotal_bytes,gauge,内存,内存信息字段 SwapTotal_bytes
node_filefd_allocated,gauge,文件描述符,文件描述符统计：已分配数量
node_filefd_maximum,gauge,文件描述符,文件描述符统计：最大数量
node_filesystem_free_bytes,gauge,文件系统,文件系统可用空间（字节）
node_filesystem_avail_bytes,gauge,文件系统,文件系统对非root用户可用的空间（字节）
node_filesystem_size_bytes,gauge,文件系统,文件系统大小（字节）
node_dmi_info,gauge,硬件信息(DMI),常量值为1的指标，以DMI提供的bios_date、product_name、system_vendor等硬件信息为标签
node_hwmon_power_average_interval_seconds,gauge,硬件监控(hwmon),硬件监控功耗更新间隔(average_interval)
node_hwmon_power_average_watt,gauge,硬件监控(hwmon),硬件监控功耗，单位瓦特(average)
node_hwmon_power_is_battery_watt,gauge,硬件监控(hwmon),硬件监控功耗，单位瓦特(is_battery)
node_hwmon_temp_celsius,gauge,硬件监控(hwmon),硬件监控温度(input)
node_thermal_zone_temp,gauge,硬件监控(温度),散热区温度（摄氏度）
node_disk_read_bytes_total,counter,磁盘,成功读取的字节总数
node_disk_written_bytes_total,counter,磁盘,成功写入的字节总数
node_disk_reads_completed_total,counter,磁盘,成功完成的读取操作总数
node_disk_writes_completed_total,counter,磁盘,成功完成的写入操作总数
node_disk_io_time_seconds_total,counter,磁盘,进行I/O消耗的总秒数
node_boot_time_seconds,gauge,系统信息,节点启动时间（Unix时间戳）
node_os_info,gauge,系统信息,常量值为1的指标，以操作系统名称、版本、ID等(OS信息)为标签
node_time_seconds,gauge,系统信息,自纪元(1970)以来的系统时间（秒）
node_network_receive_bytes_total,counter,网络,网络设备统计：接收字节数
node_network_transmit_bytes_total,counter,网络,网络设备统计：发送字节数
node_netstat_Tcp_CurrEstab,untyped,网络(Netstat),Netstat统计：当前已建立TCP连接数
node_netstat_Tcp_InSegs,untyped,网络(Netstat),Netstat统计：TCP接收段数
node_netstat_Tcp_OutSegs,untyped,网络(Netstat),Netstat统计：TCP发送段数
node_netstat_Udp_InDatagrams,untyped,网络(Netstat),Netstat统计：IPv4 UDP接收数据报数
node_netstat_Udp_OutDatagrams,untyped,网络(Netstat),Netstat统计：IPv4 UDP发送数据报数
node_sockstat_sockets_used,gauge,网络(Sockstat),正在使用的IPv4套接字总数
node_schedstat_running_seconds_total,counter,调度器,CPU运行某进程所花费的秒数
node_schedstat_timeslices_total,counter,调度器,CPU执行的时间片总数
node_schedstat_waiting_seconds_total,counter,调度器,进程等待该CPU所花费的秒数
node_load1,gauge,负载,1分钟平均负载
node_load15,gauge,负载,15分钟平均负载
node_load5,gauge,负载,5分钟平均负载
node_forks_total,counter,进程,fork系统调用总次数
node_procs_blocked,gauge,进程,阻塞等待I/O完成的进程数
node_procs_running,gauge,进程,处于可运行(runnable)状态的进程数
